-- phpMyAdmin SQL Dump
-- version 5.2.1
-- https://www.phpmyadmin.net/
--
-- Host: 127.0.0.1
-- Generation Time: Sep 01, 2024 at 02:22 PM
-- Server version: 10.4.28-MariaDB
-- PHP Version: 8.2.4

SET SQL_MODE = "NO_AUTO_VALUE_ON_ZERO";
START TRANSACTION;
SET time_zone = "+00:00";


/*!40101 SET @OLD_CHARACTER_SET_CLIENT=@@CHARACTER_SET_CLIENT */;
/*!40101 SET @OLD_CHARACTER_SET_RESULTS=@@CHARACTER_SET_RESULTS */;
/*!40101 SET @OLD_COLLATION_CONNECTION=@@COLLATION_CONNECTION */;
/*!40101 SET NAMES utf8mb4 */;

--
-- Database: `military_police_db`
--

-- --------------------------------------------------------

--
-- Table structure for table `degrees`
--

CREATE TABLE `degrees` (
  `id` bigint(20) UNSIGNED NOT NULL,
  `name` varchar(255) NOT NULL,
  `created_by` bigint(20) UNSIGNED DEFAULT NULL,
  `updated_by` bigint(20) UNSIGNED DEFAULT NULL,
  `created_at` timestamp NULL DEFAULT NULL,
  `updated_at` timestamp NULL DEFAULT NULL
) ENGINE=InnoDB DEFAULT CHARSET=utf8mb4 COLLATE=utf8mb4_unicode_ci;

--
-- Dumping data for table `degrees`
--

INSERT INTO `degrees` (`id`, `name`, `created_by`, `updated_by`, `created_at`, `updated_at`) VALUES
(1, 'جندي', NULL, NULL, '2024-08-08 07:58:08', '2024-08-08 07:58:08'),
(2, 'صف ظابط', NULL, NULL, '2024-08-08 07:58:16', '2024-08-08 07:58:16'),
(3, 'مساعد', NULL, NULL, '2024-08-20 09:19:32', '2024-08-20 09:19:32'),
(4, 'مساعد اول', NULL, NULL, '2024-08-20 09:19:32', '2024-08-20 09:19:32'),
(5, 'رقيب', NULL, NULL, '2024-08-20 09:19:32', '2024-08-20 09:19:32'),
(6, 'رقيب اول', NULL, NULL, '2024-08-20 09:19:32', '2024-08-20 09:19:32');

-- --------------------------------------------------------

--
-- Table structure for table `failed_jobs`
--

CREATE TABLE `failed_jobs` (
  `id` bigint(20) UNSIGNED NOT NULL,
  `uuid` varchar(255) NOT NULL,
  `connection` text NOT NULL,
  `queue` text NOT NULL,
  `payload` longtext NOT NULL,
  `exception` longtext NOT NULL,
  `failed_at` timestamp NOT NULL DEFAULT current_timestamp()
) ENGINE=InnoDB DEFAULT CHARSET=utf8mb4 COLLATE=utf8mb4_unicode_ci;

-- --------------------------------------------------------

--
-- Table structure for table `migrations`
--

CREATE TABLE `migrations` (
  `id` int(10) UNSIGNED NOT NULL,
  `migration` varchar(255) NOT NULL,
  `batch` int(11) NOT NULL
) ENGINE=InnoDB DEFAULT CHARSET=utf8mb4 COLLATE=utf8mb4_unicode_ci;

--
-- Dumping data for table `migrations`
--

INSERT INTO `migrations` (`id`, `migration`, `batch`) VALUES
(1, '2014_10_12_000000_create_users_table', 1),
(2, '2014_10_12_100000_create_password_resets_table', 1),
(3, '2019_08_19_000000_create_failed_jobs_table', 1),
(4, '2019_12_14_000001_create_personal_access_tokens_table', 1),
(5, '2024_08_04_072347_create_degrees_table', 1),
(6, '2024_08_04_072611_create_shifts_table', 1),
(7, '2024_08_04_072636_create_services_table', 1),
(8, '2024_08_04_072712_create_service_places_table', 1),
(9, '2024_08_04_072743_create_soliders_table', 1),
(10, '2024_08_04_072819_create_vacations_table', 1),
(11, '2024_08_04_072856_create_solider_service_histories_table', 1),
(12, '2024_08_08_080604_create_solider_services_table', 1),
(15, '2024_08_24_143220_create_solider_statuses_table', 2),
(16, '2024_08_24_173011_create_solider_status_histories_table', 2);

-- --------------------------------------------------------

--
-- Table structure for table `password_resets`
--

CREATE TABLE `password_resets` (
  `email` varchar(255) NOT NULL,
  `token` varchar(255) NOT NULL,
  `created_at` timestamp NULL DEFAULT NULL
) ENGINE=InnoDB DEFAULT CHARSET=utf8mb4 COLLATE=utf8mb4_unicode_ci;

-- --------------------------------------------------------

--
-- Table structure for table `personal_access_tokens`
--

CREATE TABLE `personal_access_tokens` (
  `id` bigint(20) UNSIGNED NOT NULL,
  `tokenable_type` varchar(255) NOT NULL,
  `tokenable_id` bigint(20) UNSIGNED NOT NULL,
  `name` varchar(255) NOT NULL,
  `token` varchar(64) NOT NULL,
  `abilities` text DEFAULT NULL,
  `last_used_at` timestamp NULL DEFAULT NULL,
  `created_at` timestamp NULL DEFAULT NULL,
  `updated_at` timestamp NULL DEFAULT NULL
) ENGINE=InnoDB DEFAULT CHARSET=utf8mb4 COLLATE=utf8mb4_unicode_ci;

-- --------------------------------------------------------

--
-- Table structure for table `services`
--

CREATE TABLE `services` (
  `id` bigint(20) UNSIGNED NOT NULL,
  `name` varchar(255) NOT NULL,
  `created_by` bigint(20) UNSIGNED DEFAULT NULL,
  `updated_by` bigint(20) UNSIGNED DEFAULT NULL,
  `created_at` timestamp NULL DEFAULT NULL,
  `updated_at` timestamp NULL DEFAULT NULL
) ENGINE=InnoDB DEFAULT CHARSET=utf8mb4 COLLATE=utf8mb4_unicode_ci;

--
-- Dumping data for table `services`
--

INSERT INTO `services` (`id`, `name`, `created_by`, `updated_by`, `created_at`, `updated_at`) VALUES
(1, 'بوابات', NULL, NULL, '2024-08-08 08:12:31', '2024-08-08 08:12:31'),
(2, 'كلاسترات', NULL, NULL, '2024-08-08 08:12:41', '2024-08-08 08:12:41'),
(3, 'ابراج', NULL, NULL, '2024-08-08 08:12:47', '2024-08-08 08:12:47'),
(4, 'مخازن', 2, NULL, '2024-08-20 10:45:52', '2024-08-20 10:45:52'),
(5, 'مكتب', 5, NULL, '2024-08-20 14:28:47', '2024-08-20 14:28:47'),
(6, 'مكتب جهاز التحركات', 5, NULL, '2024-08-20 14:41:31', '2024-08-20 14:41:31'),
(7, 'البحث', 10, NULL, '2024-08-28 10:58:01', '2024-08-28 10:58:01'),
(8, 'متابعة', 12, NULL, '2024-08-28 11:05:15', '2024-08-28 11:05:15');

-- --------------------------------------------------------

--
-- Table structure for table `service_places`
--

CREATE TABLE `service_places` (
  `id` bigint(20) UNSIGNED NOT NULL,
  `name` varchar(255) NOT NULL,
  `service_id` bigint(20) UNSIGNED NOT NULL,
  `created_by` bigint(20) UNSIGNED DEFAULT NULL,
  `updated_by` bigint(20) UNSIGNED DEFAULT NULL,
  `created_at` timestamp NULL DEFAULT NULL,
  `updated_at` timestamp NULL DEFAULT NULL
) ENGINE=InnoDB DEFAULT CHARSET=utf8mb4 COLLATE=utf8mb4_unicode_ci;

--
-- Dumping data for table `service_places`
--

INSERT INTO `service_places` (`id`, `name`, `service_id`, `created_by`, `updated_by`, `created_at`, `updated_at`) VALUES
(1, 'برج أ', 3, NULL, NULL, '2024-08-08 08:13:04', '2024-08-08 08:13:04'),
(2, 'برج ب', 3, NULL, NULL, '2024-08-08 08:13:13', '2024-08-08 08:13:13'),
(3, 'شمالية', 1, NULL, NULL, '2024-08-08 08:13:24', '2024-08-08 08:13:24'),
(4, 'جنوبية', 1, NULL, NULL, '2024-08-08 08:13:29', '2024-08-08 08:13:42'),
(5, 'وسطى', 1, NULL, NULL, '2024-08-08 08:15:02', '2024-08-08 08:15:02'),
(6, 'كلاستر 100', 2, NULL, NULL, '2024-08-08 08:15:16', '2024-08-08 08:15:16'),
(7, 'كلاستر 5', 2, NULL, NULL, '2024-08-08 08:16:17', '2024-08-08 08:16:17'),
(8, 'تصاريح', 5, 12, NULL, '2024-08-28 12:39:31', '2024-08-28 12:39:31'),
(9, 'متابعة صف ضباط', 8, 12, NULL, '2024-08-28 15:52:56', '2024-08-28 15:52:56'),
(10, 'متابعة النقيب', 8, 12, NULL, '2024-08-28 16:30:26', '2024-08-28 16:30:26'),
(11, 'متابعة الرائد', 8, 12, NULL, '2024-08-28 16:38:41', '2024-08-28 16:38:41'),
(12, 'خدمات', 7, 12, NULL, '2024-08-30 06:34:57', '2024-08-30 06:34:57'),
(13, 'مكتب الشرطه', 7, 12, NULL, '2024-08-30 08:13:19', '2024-08-30 08:13:19'),
(14, 'البوابه الشماليه الرئيسيه', 7, 12, NULL, '2024-08-30 08:13:48', '2024-08-30 08:13:48'),
(15, 'البوابه الجنوبيه الرئيسيه', 7, 12, NULL, '2024-08-30 08:14:13', '2024-08-30 08:14:13'),
(16, 'بوابة ابو زيدان', 7, 12, NULL, '2024-08-30 08:14:58', '2024-08-30 08:14:58'),
(17, 'بوابة انبى', 7, 12, NULL, '2024-08-30 08:15:13', '2024-08-30 08:15:13'),
(18, 'بوابة المهبط الشماليه', 7, 12, NULL, '2024-08-30 08:16:39', '2024-08-30 08:16:39'),
(19, 'بوابة المهبط الجنوبيه', 7, 12, NULL, '2024-08-30 08:16:56', '2024-08-30 08:16:56'),
(20, 'بوابة دير 1', 7, 12, NULL, '2024-08-30 08:19:24', '2024-08-30 08:19:24'),
(21, 'بوابة ابو خليل', 7, 12, NULL, '2024-08-30 08:19:40', '2024-08-30 08:19:40'),
(22, 'مكتب البحث', 7, 12, NULL, '2024-08-30 08:20:36', '2024-08-30 08:20:36'),
(23, 'الوقود', 7, 12, NULL, '2024-08-30 08:20:48', '2024-08-30 08:20:48'),
(24, 'ميس جنود', 7, 12, NULL, '2024-08-30 08:21:04', '2024-08-30 08:21:04'),
(25, 'المشتل', 7, 12, NULL, '2024-08-30 08:21:17', '2024-08-30 08:21:17'),
(26, 'الميزان', 7, 12, NULL, '2024-08-30 08:21:28', '2024-08-30 08:21:28'),
(27, 'بوابة دير 4', 7, 12, NULL, '2024-08-30 08:21:42', '2024-08-30 08:21:42'),
(28, 'بيت الاثار', 7, 12, NULL, '2024-08-30 08:21:59', '2024-08-30 08:21:59'),
(29, 'ابوايط 2', 7, 12, NULL, '2024-08-30 08:22:17', '2024-08-30 08:22:17'),
(30, 'البيت المهجور', 7, 12, NULL, '2024-08-30 08:22:36', '2024-08-30 08:22:36'),
(31, 'ادارى خط الدير', 7, 12, NULL, '2024-08-30 08:24:20', '2024-08-30 08:24:20');

-- --------------------------------------------------------

--
-- Table structure for table `shifts`
--

CREATE TABLE `shifts` (
  `id` bigint(20) UNSIGNED NOT NULL,
  `name` varchar(255) NOT NULL,
  `created_by` bigint(20) UNSIGNED DEFAULT NULL,
  `updated_by` bigint(20) UNSIGNED DEFAULT NULL,
  `created_at` timestamp NULL DEFAULT NULL,
  `updated_at` timestamp NULL DEFAULT NULL
) ENGINE=InnoDB DEFAULT CHARSET=utf8mb4 COLLATE=utf8mb4_unicode_ci;

--
-- Dumping data for table `shifts`
--

INSERT INTO `shifts` (`id`, `name`, `created_by`, `updated_by`, `created_at`, `updated_at`) VALUES
(1, 'ليلي', NULL, NULL, '2024-08-08 08:16:42', '2024-08-08 08:16:42'),
(2, 'صباحي', NULL, NULL, '2024-08-08 08:16:47', '2024-08-08 08:16:47'),
(3, 'بعد الضهر', 2, NULL, '2024-08-20 10:46:18', '2024-08-20 10:46:18');

-- --------------------------------------------------------

--
-- Table structure for table `soliders`
--

CREATE TABLE `soliders` (
  `id` bigint(20) UNSIGNED NOT NULL,
  `full_name` varchar(255) NOT NULL,
  `military_number` varchar(255) NOT NULL,
  `phone_number` varchar(255) NOT NULL,
  `address` varchar(255) NOT NULL,
  `degree_id` int(11) DEFAULT NULL,
  `photo` varchar(255) DEFAULT NULL,
  `created_by` bigint(20) UNSIGNED DEFAULT NULL,
  `updated_by` bigint(20) UNSIGNED DEFAULT NULL,
  `created_at` timestamp NULL DEFAULT NULL,
  `updated_at` timestamp NULL DEFAULT NULL
) ENGINE=InnoDB DEFAULT CHARSET=utf8mb4 COLLATE=utf8mb4_unicode_ci;

--
-- Dumping data for table `soliders`
--

INSERT INTO `soliders` (`id`, `full_name`, `military_number`, `phone_number`, `address`, `degree_id`, `photo`, `created_by`, `updated_by`, `created_at`, `updated_at`) VALUES
(9, 'احمد عبدالحى محمد عبدالرحمن بركات', '2023617721015', '01021907004', 'ح الزهار - انور السادات - المنوفية', 1, NULL, 12, NULL, '2024-08-28 12:38:07', '2024-08-28 12:38:07'),
(10, 'اسماعيل ياسر سليمان احمد', '2023617721809', '01101581136', 'الجزيرة الشرقية/م.الباجور/المنوفية', 1, NULL, 12, NULL, '2024-08-28 12:41:20', '2024-08-28 12:41:20'),
(11, 'ايمن فتحى احمد سيد', '2024917712580', '01005063347', 'المنيا - مركز سمالوط شرق - الشراينه', 1, NULL, 12, NULL, '2024-08-28 13:06:43', '2024-08-28 13:06:43'),
(12, 'ايهاب طارق عبدالفتاح احمد', '2024917711079', '01120323234', 'مركز ناصر - بني سويف', 1, NULL, 12, NULL, '2024-08-28 13:10:04', '2024-08-28 13:10:04'),
(13, 'عبدالرحمن فرج سالم سعيد عفيفي', '2024217705459', '01117680302', 'الرشفا مركز الصف - الجيزه', 1, NULL, 12, NULL, '2024-08-28 13:13:18', '2024-08-28 13:13:18'),
(14, 'سمير حمدى سعد محمد السيد', '2023317717984', '01152258737', 'منشأة بليع/م.كفر الدوار/البحيرة', 1, NULL, 12, NULL, '2024-08-28 13:15:49', '2024-08-28 13:15:49'),
(15, 'عبدالرحمن محمد سعيد محمد صحصاح', '2023617722394', '01159822845', 'ابوحمر/م.بسيون/الغربية', 1, NULL, 12, NULL, '2024-08-28 13:17:59', '2024-08-28 13:17:59'),
(16, 'عبدالله احمد المليجى محمد', '2023617721841', '01019034029', 'قويسنا البلد - المنوفية', 1, NULL, 12, NULL, '2024-08-28 13:23:37', '2024-08-28 13:23:37'),
(17, 'عبدالفتاح صلاح عبدالفتاح ابراهيم', '2023427713567', '01127495718', 'الولجا-مركز منيا القمح-الشرقية', 1, NULL, 12, NULL, '2024-08-28 13:32:18', '2024-08-28 13:32:18'),
(18, 'احمد جمعه على احمد حسين', '2023417739581', '01144915687', 'خلوة الشرفا/أبوكبير/الشرقية', 1, NULL, 12, NULL, '2024-08-28 13:34:12', '2024-08-28 13:34:12'),
(19, 'احمد محمد محمد عزب شاهين', '2023617722584', '01201834948', 'بركه السبع - المنوفيه', 1, NULL, 12, NULL, '2024-08-28 13:35:48', '2024-08-28 13:35:48'),
(20, 'اسلام عيسى مصطفى محمد', '2023917717110', '01224114289', 'كفر ناصر -  بيا -  بنى سويف', 1, NULL, 12, NULL, '2024-08-28 13:39:22', '2024-08-28 13:39:22'),
(21, 'اسلام محمد السيد مختار النملى', '2024317705458', '01114674707', 'مركز كفر الدوار -البحيره - منشيه بولين', 1, NULL, 12, NULL, '2024-08-28 13:43:59', '2024-08-28 13:43:59'),
(22, 'خالد رضا محمد عبده عيد', '2023817712492', '01067288143', 'البلاويه - م بلقاس - الدقهليه', 1, NULL, 12, NULL, '2024-08-28 13:46:57', '2024-08-28 13:46:57'),
(23, 'محمود مسعد محمد عبداللطيف قاسم', '2023317718255', '01032113851', 'م.ادكو/البحيرة', 1, NULL, 12, NULL, '2024-08-28 13:48:05', '2024-08-28 13:48:05'),
(24, 'احمد منصور مدين منصور', '2023417705243', '01228293266', 'الشرقية - ديرب نجم - دبيج', 1, NULL, 12, NULL, '2024-08-28 15:52:09', '2024-08-28 15:52:09'),
(25, 'بدر محمد بدر رجب', '2022807703411', '01225487389', 'الشيخ ضرغام - م دمياط - دمياط', 1, NULL, 12, NULL, '2024-08-28 15:54:10', '2024-08-28 15:54:10'),
(26, 'احمد عبدالحميد فتحى عبدالحميد', '2024217705243', '01149257232', 'العامريه مركز الفيوم', 1, NULL, 12, NULL, '2024-08-28 16:00:01', '2024-08-28 16:00:01'),
(27, 'محمد صابر انور محمد', '2023417713593', '01118045924', 'السويس-الجناين-منشية اولاد سلامه', 1, NULL, 12, NULL, '2024-08-28 16:01:34', '2024-08-28 16:01:34'),
(28, 'بسيونى متولى متولى فتوح جامع', '2023817742671', '01065181469', 'عزبة العشماوى-م قلين-كفر الشيخ', 1, NULL, 12, NULL, '2024-08-28 16:02:54', '2024-08-28 16:02:54'),
(29, 'نصرالدين طارق صلاح العزيرى', '2022607704180', '01114495119', 'شونى', 1, NULL, 12, NULL, '2024-08-28 16:07:07', '2024-08-28 16:07:07'),
(30, 'فارس صالح عبدالرازق مختار', '2023307701054', '01033683894', 'البحيره - غرب النوباريه - قريه الشجاعه', 1, NULL, 12, NULL, '2024-08-28 16:08:37', '2024-08-28 16:08:37'),
(31, 'يوسف محمد عبود محمد عبود', '2023217710880', '01010237526', 'ع 395 حي 2 مجاورة 2', 1, NULL, 12, NULL, '2024-08-28 16:09:45', '2024-08-28 16:09:45'),
(32, 'محمود ماجد محمد عبدالسميع', '2024287704556', '01221065765', 'جزيرة محمد', 1, NULL, 12, NULL, '2024-08-28 16:30:01', '2024-08-28 16:30:01'),
(33, 'مصطفى محمود ابراهيم السيد', '2023617723699', '01204750213', 'طليا اشمون المنوفية', 1, NULL, 12, NULL, '2024-08-28 16:33:31', '2024-08-28 16:33:31'),
(34, 'احمد محمد عبدالفتاح ابراهيم القناوى', '2023317717710', '01024141692', 'نظاره المنيا - الرحمانيه -البحيره', 1, NULL, 12, NULL, '2024-08-28 16:37:52', '2024-08-28 16:37:52'),
(35, 'اسلام محمد صلاح ابراهيم احمد', '2023817741160', '01277648112', 'ش الحمزاوى - م.المنزله- الدقهلية', 1, NULL, 12, NULL, '2024-08-28 16:40:25', '2024-08-28 16:40:25'),
(36, 'صلاح عزت صلاح على', '2024287704316', '01113403964', 'مدينة الهدى - بنى يوسف - م ابو النمرس - الجيزه', 1, NULL, 12, NULL, '2024-08-28 16:41:30', '2024-08-28 16:41:30'),
(37, 'معاذ خالد كامل سعيد', '2023917717095', '01111908305', 'قريه قاى - اهناسيا - بنى سويف', 1, NULL, 12, NULL, '2024-08-28 16:42:41', '2024-08-28 16:42:41'),
(38, 'محمد نصر عبدالتواب محمد', '2024217705889', '01159003570', 'قريه المنصوريه منشاه القناطر - الجيزه', 1, NULL, 12, NULL, '2024-08-28 16:46:17', '2024-08-28 16:46:17'),
(39, 'مصطفى محمد احمد الفخرانى', '2023617721338', '01025101718', 'بير شمس-المنوفية', 1, NULL, 12, NULL, '2024-08-28 16:47:40', '2024-08-28 16:47:40'),
(40, 'احمد سمير ابراهيم الدسوقى', '2023417741370', '01280690967', '42 الايمان/ق.الاربعين/السويس', 1, NULL, 12, NULL, '2024-08-30 06:30:03', '2024-08-30 06:30:03'),
(41, 'بلال مجدى السيد محمد السيد', '2023317716126', '01270840554', '23 ش فهمى الناضورى/ق.الجمرك/الاسكندرية', 1, NULL, 12, NULL, '2024-08-30 06:36:31', '2024-08-30 06:36:31'),
(42, 'حازم محمد محمد محمود زايد', '2024187702147', '01206799556', 'شبرا الخيمه اول - القليوبيه', 1, NULL, 12, NULL, '2024-08-30 06:40:57', '2024-08-30 06:40:57'),
(43, 'امين على السيد رجب محمد على', '2023117716368', '10201741089', '3شارع الشيخ على عبدالرازق-ق النزهة-القاهرة', 1, NULL, 12, NULL, '2024-08-30 06:43:21', '2024-08-30 06:43:21'),
(44, 'سائر نعيم ابراهيم ابراهيم محمد', '2023817742168', '01024337653', 'م. دكرنس', 1, NULL, 12, NULL, '2024-08-30 06:45:58', '2024-08-30 06:45:58'),
(45, 'سيد احمد سيد محمد', '2024987701555', '01063356546', 'شارع الشهيد سيد حميده - مركز ببا - بني سويف', 1, NULL, 12, NULL, '2024-08-30 06:49:00', '2024-08-30 06:49:00'),
(46, 'طارق رجب عبدالفتاح ابراهيم', '2022607703645', '01021931265', 'المنوفيه - الشهداء - ميت شهاله', 1, NULL, 12, NULL, '2024-08-30 06:50:39', '2024-08-30 06:50:39'),
(47, 'حازم عصام حامد عبداللطيف', '2023917716196', '01283493507', 'م. سمالوط - المنيا', 1, NULL, 12, NULL, '2024-08-30 06:54:06', '2024-08-30 06:54:06'),
(48, 'حامد عثمان حامد عبدالرازق هنيدى', '2023317717976', '01010190221', 'م.كوم حماده/البحيرة', 1, NULL, 12, NULL, '2024-08-30 06:56:26', '2024-08-30 06:56:26'),
(49, 'عمر ابراهيم محمد محمد', '2023417741148', '01023876183', 'شيط الهوي-م كفر صقر-الشرقية', 1, NULL, 12, NULL, '2024-08-30 06:58:31', '2024-08-30 06:58:31'),
(50, 'كريم عدلي فوزى حصاوي', '2024287704647', '01201465884', '33ش شحاته اسكندر-الجيزه', 1, NULL, 12, NULL, '2024-08-30 06:59:51', '2024-08-30 06:59:51'),
(51, 'كريم محمد محمد منشاوى', '2023217711630', '01128143838', 'قرية الحلف الشرقى /م.اطفيح/الجيزة', 1, NULL, 12, NULL, '2024-08-30 07:03:14', '2024-08-30 07:03:14'),
(52, 'محمد جابر محمد السيد', '2024987701787', '01019310374', 'دهمرو - مركز مغاغه - المنيا', 1, NULL, 12, NULL, '2024-08-30 07:04:56', '2024-08-30 07:04:56'),
(53, 'محمود عبدالله المحمودى عبدالله', '2023417741677', '01020174308', 'السنيطه/م.فاقوس/الشرقية', 1, NULL, 12, NULL, '2024-08-30 07:06:20', '2024-08-30 07:06:20'),
(54, 'سعيد حميده سعيد حميده سليمان', '2023317717851', '01144881319', 'المخازن-م الدلنجالت-البحيرة', 1, NULL, 12, NULL, '2024-08-30 07:08:17', '2024-08-30 07:08:17'),
(55, 'يوسف احمد سيد عبدالتواب اسماعيل', '2024287704407', '01021711193', 'الحادقه مركز الفيوم - الفيوم', 1, NULL, 12, NULL, '2024-08-30 07:58:02', '2024-08-30 07:58:02'),
(56, 'احمد جمعه عبدالمجيد محمد محمد خاطر', '2023317717356', '01229625765', 'ش مسجد التوحيد ب 94 - ابيس 2 - الرمل  - الاسكندرية', 1, NULL, 12, NULL, '2024-08-30 08:12:20', '2024-08-30 08:12:20'),
(57, 'احمد على صابر عبدالوكيل', '2023217711961', '01060598428', 'جزايه/م.منشأة القناطر/الجيزة', 1, NULL, 12, NULL, '2024-08-30 08:25:42', '2024-08-30 08:25:42'),
(58, 'احمد ماهر فتح الله على بدوى', '2023817741061', '01011523122', 'الرياض-م منيه النصر-الدقهليه', 1, NULL, 12, NULL, '2024-08-30 08:27:02', '2024-08-30 08:27:02'),
(59, 'احمد محمود عبدالحليم محمد', '2024287704077', '01070256944', 'قرية العزيزية - مركز البدرشين - الجيزة', 1, NULL, 12, NULL, '2024-08-30 08:28:16', '2024-08-30 08:28:16'),
(60, 'اسلام محمد السيد عبدالحى', '2023317715847', '01274348546', 'زاوية عبدالقادر - العامرية اول - الاسكندرية', 1, NULL, 12, NULL, '2024-08-30 08:29:33', '2024-08-30 08:29:33'),
(61, 'اسماعيل شعبان اسماعيل على', '2024987701711', '01023001468', 'نزله ثابت', 1, NULL, 12, NULL, '2024-08-30 08:30:50', '2024-08-30 08:30:50'),
(62, 'ابراهيم اشرف محمد ابراهيم مرجان', '2024287703558', '01157244629', 'شنبارى مركز اوسيم - الجيزه', 1, NULL, 12, NULL, '2024-08-30 08:32:29', '2024-08-30 08:32:29'),
(63, 'حازم محمد عبدالعال السيد', '2023417740611', '01274920088', '4  ش القليوبية - عرايشية مصر - الاسماعيلية', 1, NULL, 12, NULL, '2024-08-30 08:33:59', '2024-08-30 08:33:59'),
(64, 'ديفيد منير غطاس عبدالمسيح', '2024917712720', '01272440866', 'ارض الحوشه - م مطاي - المنيا', 1, NULL, 12, NULL, '2024-08-30 08:35:22', '2024-08-30 08:35:22'),
(65, 'شعبان مختار حسن بلتاجى', '2021307706420', '01018036713', 'البحيره-دمنهور-كوبرى فلاقه', 1, NULL, 12, NULL, '2024-08-30 08:36:36', '2024-08-30 08:36:36'),
(66, 'عبده محمد فتوح ابراهيم النشار', '2023317716762', '01029891091', 'العلا الشرقية-النهضة-ق0العامرية اول-الاسكندرية', 1, NULL, 12, NULL, '2024-08-30 08:37:56', '2024-08-30 08:37:56'),
(67, 'عصام عادل عباس عبدالعال', '2023917715916', '01120600459', 'دلاص - ناصر - بنى سويف', 1, NULL, 12, NULL, '2024-08-30 08:39:13', '2024-08-30 08:39:13'),
(68, 'على شحاته سعد اسماعيل', '2023917716526', '01020285946', 'نزله ثابت - مطاى - المنيا', 1, NULL, 12, NULL, '2024-08-30 08:40:26', '2024-08-30 08:40:26'),
(69, 'عمرو راضى محمد هاشم محمد', '2023317715459', '01220807441', 'عزبة الماكينة-المعمورة البلد/ق.المنتزه ثان/الإسكندرية', 1, NULL, 12, NULL, '2024-08-30 08:41:45', '2024-08-30 08:41:45'),
(70, 'عيسى مصطفى عيسى ابراهيم حسين', '2024287703889', '01147076361', '16زنين-الجيزه', 1, NULL, 12, NULL, '2024-08-30 08:42:49', '2024-08-30 08:42:49'),
(71, 'غازى السيد السيد عبدالرازق', '2022807702611', '01014903994', 'دمرو - سيدى سالم - الدقهلية', 1, NULL, 12, NULL, '2024-08-30 08:44:19', '2024-08-30 08:44:19'),
(72, 'كيرلس رزق عزيز جاد حنا', '2024187702155', '01277353972', '12شارع العربى توفيق', 1, NULL, 12, NULL, '2024-08-30 08:45:31', '2024-08-30 08:45:31'),
(73, 'محمود مصطفى محمد المنوفى', '2023317716291', '01063472263', '631 ش القرية التانية - بنجر السكر', 1, NULL, 12, NULL, '2024-08-30 08:46:49', '2024-08-30 08:46:49'),
(74, 'محمود اسامه يوسف ابوالمعاطى حوه', '2022807702265', '01206596574', 'الدقهليه - ميت غمر - اتميده', 1, NULL, 12, NULL, '2024-08-30 08:47:51', '2024-08-30 08:47:51'),
(75, 'احمد تامر محمد عبدالفضيل محمد', '2023217711705', '01069431307', 'البارودية البحريه-ق الفيوم اول', 1, NULL, 12, NULL, '2024-08-30 08:49:35', '2024-08-30 08:49:35'),
(76, 'احمد خالد عبدالعال حافظ', '2024287704209', '01114562640', 'امتداد مراد على درويش - كفر طهرمس - الهرم', 1, NULL, 12, NULL, '2024-08-30 08:50:44', '2024-08-30 08:50:44'),
(77, 'احمد طارق سعد ابراهيم رمضان', '2024887702455', '01069071165', '48ش انور الافندى -خلف مدرسة الزراعه-مركز طلخا الدقهليه', 1, NULL, 12, NULL, '2024-08-30 08:52:28', '2024-08-30 08:52:28'),
(78, 'اسامه سعد سعد محمد محمود ابوسعده', '2023817742605', '01020711621', 'سنهور المدينه-م دسوق-كفر الشيخ', 1, NULL, 12, NULL, '2024-08-30 08:53:42', '2024-08-30 08:53:42'),
(79, 'السيد عبدالله عبدالحميد عبدالرحمن', '2023417705392', '01149252241', 'الشرقية- فاقوس- النمروط', 1, NULL, 12, NULL, '2024-08-30 08:55:19', '2024-08-30 08:55:19'),
(80, 'امير عاطف فتحى عبدالرحمن', '2024587702854', '01112130547', 'اولاد رايق -اسيوط', 1, NULL, 12, NULL, '2024-08-30 08:56:56', '2024-08-30 08:56:56'),
(81, 'بلال صابر محمد على', '2023217711664', '01093601680', 'ش المدرسه/م.العياط/الجيزة', 1, NULL, 12, NULL, '2024-08-30 08:59:48', '2024-08-30 08:59:48'),
(82, 'حسام جمال قاسم امين', '2024487702681', '01280331619', 'عين غصين - مركز الاسماعيلية - الاسماعيلية', 1, NULL, 12, NULL, '2024-08-30 09:00:49', '2024-08-30 09:00:49'),
(83, 'عبدالله محمد محمود على', '2023417740231', '01228923868', 'وادي الملاك قرية 6 - التل الكبير - الاسماعليه', 1, NULL, 12, NULL, '2024-08-30 09:02:14', '2024-08-30 09:02:14'),
(84, 'عيد دنيال فهيم موسى', '2022507703414', '01122706147', 'م.اخميم - سوهاج', 1, NULL, 12, NULL, '2024-08-30 09:03:37', '2024-08-30 09:03:37'),
(85, 'كريم عبدالمحسن محمد يونس', '2024217705235', '01090137113', 'الفيوم - مركز ابشواى - سنرو البحريه', 1, NULL, 12, NULL, '2024-08-30 09:04:43', '2024-08-30 09:04:43'),
(86, 'محمد حسن عيد عبدالمولى', '2024217704865', '01111253927', 'مطر طارس - الفيوم', 1, NULL, 12, NULL, '2024-08-30 09:05:45', '2024-08-30 09:05:45'),
(87, 'محمد سيد احمد عبدالباقى', '2024287704663', '01144605944', 'جرزا', 1, NULL, 12, NULL, '2024-08-30 09:06:48', '2024-08-30 09:06:48'),
(88, 'محمد شعبان سعيد حسن', '2023917715924', '01141331725', 'صفط الشرقيه - الواسطى - بنى سويف', 1, NULL, 12, NULL, '2024-08-30 09:08:15', '2024-08-30 09:08:15'),
(89, 'محمد عواد رجب عواد', '2024287703722', '01140146357', '7 ش اسماعيل عبدالله - العمرانية - الجيزه', 1, NULL, 12, NULL, '2024-08-30 09:09:26', '2024-08-30 09:09:26'),
(90, 'مصطفى اشرف عبدالنبى اسماعيل', '2024287704291', '01015753318', 'بهرمس - الجيزه', 1, NULL, 12, NULL, '2024-08-30 09:10:56', '2024-08-30 09:10:56'),
(91, 'وسام احمد عبدالظاهر مهنى', '2023917716211', '01061877374', 'اسمنت - م. ابو قرقاص - المنيا', 1, NULL, 12, NULL, '2024-08-30 09:12:42', '2024-08-30 09:12:42'),
(92, 'يوسف احمد عثمان عبدالله', '2024217705342', '01144830231', 'قرية السعوديه .مركز العياط .الجيزه', 1, NULL, 12, NULL, '2024-08-30 09:13:46', '2024-08-30 09:13:46'),
(93, 'ابانوب اسكندر معوض اسكندر', '2024917725830', '01272443548', 'ابو جرج - المنيا', 1, NULL, 14, NULL, '2024-09-01 07:38:35', '2024-09-01 07:38:35'),
(94, 'ابانوب شهدى عزيز جابر', '2023117700288', '01272115034', 'ش سيد على - القلج -م الخانكه -القليوبيه', 1, NULL, 14, NULL, '2024-09-01 07:40:40', '2024-09-01 07:40:40'),
(95, 'ابانوب عادل بدوى حنا', '2023617723897', '01063747563', 'ميت خاقان - شبين الكوم - المنوفيه', 1, NULL, 14, NULL, '2024-09-01 07:41:55', '2024-09-01 07:41:55'),
(96, 'ابرام بدرى وجيه سميح', '2023917716245', '01153535649', 'البياضيه - ملوى  - المنيا', 1, NULL, 14, NULL, '2024-09-01 07:45:48', '2024-09-01 07:45:48'),
(97, 'ابرام ناصر رياض حنا', '2023917706709', '01204167505', 'تله - المنيا', 1, NULL, 14, NULL, '2024-09-01 07:49:43', '2024-09-01 07:49:43'),
(98, 'ابراهيم احمد ابراهيم ابوزيد شردى', '2023817741178', '01006418245', 'البصراط - م. المنزله - الدقهلية', 1, NULL, 14, NULL, '2024-09-01 07:50:47', '2024-09-01 07:50:47'),
(99, 'ابراهيم اشرف عبدالعزيز محمد عبدالمعطى', '2024417710521', '01145427628', 'الشرقيه - مركز ابوكبير - حى اولاد فضل', 1, NULL, 14, NULL, '2024-09-01 07:51:29', '2024-09-01 07:51:29'),
(100, 'ابراهيم السيد عبدالحميد ابراهيم', '2023417741718', '01274276792', 'ق.الاربعين/السويس', 1, NULL, 14, NULL, '2024-09-01 08:15:14', '2024-09-01 08:15:14'),
(101, 'ابراهيم السيد عبداللطيف عبدالملك الفراش', '2022607703413', '01030985806', 'شارع عصمت حماده - زفتى - الغربيه', 1, NULL, 14, NULL, '2024-09-01 08:16:52', '2024-09-01 08:16:52'),
(102, 'ابراهيم امام محرم حسن', '2022511802195', '01140381442', 'العوامر - ديروط - اسيوط', 1, NULL, 14, NULL, '2024-09-01 08:17:42', '2024-09-01 08:17:42'),
(103, 'ابراهيم جمال ربيع احمد', '2024487702706', '01005742706', 'ابو عطوه - ابوشحاته -الاسماعيليه', 1, NULL, 14, NULL, '2024-09-01 08:18:49', '2024-09-01 08:18:49'),
(104, 'ابراهيم حسن عبدالعزيز عبدالتواب', '2023217711234', '01030560156', 'م.الفيوم - الفيوم', 1, NULL, 14, NULL, '2024-09-01 08:19:41', '2024-09-01 08:19:41'),
(105, 'ابراهيم عبدالفتاح عبدالمعطي بشار', '2024187702676', '01147017634', 'بهاده - مركز القناطر الخيرية - القليوبية', 1, NULL, 14, NULL, '2024-09-01 08:20:39', '2024-09-01 08:20:39'),
(106, 'ابراهيم عبيد ابوزيد عبده', '2022307703995', '01274657098', 'شارع مسجد الاصلاح - خورشد - ثالث  المنتزه - الاسكندرية', 1, NULL, 14, NULL, '2024-09-01 08:21:26', '2024-09-01 08:21:26'),
(107, 'ابراهيم عرفات عبدالسميع عبدالحميد حسن', '2023817711957', '01011291228', 'البيلاويه -م الستاموني -الدقهليه', 1, NULL, 14, NULL, '2024-09-01 08:22:06', '2024-09-01 08:22:06'),
(108, 'ابراهيم فرحات عزيز عبده محمود', '2024287703607', '01090528895', 'كفر حكيم', 1, NULL, 14, NULL, '2024-09-01 08:22:56', '2024-09-01 08:22:56'),
(109, 'ابراهيم كمال كمال محمد سيد احمد', '2023417741809', '01280235957', 'ش عبدالعزيز ابو العلا - بلبيس - الشرقية', 1, NULL, 14, NULL, '2024-09-01 08:23:37', '2024-09-01 08:23:37'),
(110, 'ابراهيم محمد ابوالمجد السايس', '2024317707933', '01212798607', 'جزيرة نكلا - مركز شبراخيت - البحيرة', 1, NULL, 14, NULL, '2024-09-01 08:24:34', '2024-09-01 08:24:34'),
(111, 'ابراهيم محمد احمد يوسف', '2023217712505', '01143586440', 'فانوس-م طاميه -الفيوم', 1, NULL, 14, NULL, '2024-09-01 08:25:44', '2024-09-01 08:25:44');

-- --------------------------------------------------------

--
-- Table structure for table `solider_services`
--

CREATE TABLE `solider_services` (
  `id` bigint(20) UNSIGNED NOT NULL,
  `solider_id` bigint(20) UNSIGNED NOT NULL,
  `service_id` bigint(20) UNSIGNED DEFAULT NULL,
  `service_place_id` bigint(20) UNSIGNED DEFAULT NULL,
  `degree_id` bigint(20) UNSIGNED DEFAULT NULL,
  `shift_id` bigint(20) UNSIGNED DEFAULT NULL,
  `service_assign_date` date DEFAULT NULL,
  `created_by` bigint(20) UNSIGNED DEFAULT NULL,
  `updated_by` bigint(20) UNSIGNED DEFAULT NULL,
  `created_at` timestamp NULL DEFAULT NULL,
  `updated_at` timestamp NULL DEFAULT NULL
) ENGINE=InnoDB DEFAULT CHARSET=utf8mb4 COLLATE=utf8mb4_unicode_ci;

--
-- Dumping data for table `solider_services`
--

INSERT INTO `solider_services` (`id`, `solider_id`, `service_id`, `service_place_id`, `degree_id`, `shift_id`, `service_assign_date`, `created_by`, `updated_by`, `created_at`, `updated_at`) VALUES
(10, 9, 2, NULL, 1, 2, '2024-09-01', 12, 7, '2024-08-28 12:40:04', '2024-09-01 11:19:34'),
(11, 10, 5, 8, 1, 2, '2024-08-28', 12, NULL, '2024-08-28 12:41:50', '2024-08-28 12:41:50'),
(12, 11, 5, 8, 1, 2, '2024-09-01', 12, 7, '2024-08-28 13:07:10', '2024-09-01 08:46:03'),
(13, 12, 5, 8, 1, 2, '2024-08-28', 12, NULL, '2024-08-28 13:10:27', '2024-08-28 13:10:27'),
(14, 13, 5, 8, 1, 2, '2024-08-28', 12, NULL, '2024-08-28 13:13:41', '2024-08-28 13:13:41'),
(15, 14, 5, 8, 1, 1, '2024-08-28', 12, NULL, '2024-08-28 13:16:09', '2024-08-28 13:16:09'),
(16, 15, 5, 8, 1, 2, '2024-08-28', 12, NULL, '2024-08-28 13:18:34', '2024-08-28 13:18:34'),
(17, 16, 5, 8, 1, 2, '2024-08-28', 12, NULL, '2024-08-28 13:24:01', '2024-08-28 13:24:01'),
(18, 17, 5, 8, 1, 2, '2024-08-28', 12, NULL, '2024-08-28 13:32:36', '2024-08-28 13:32:36'),
(19, 18, 5, 8, 1, 2, '2024-08-28', 12, NULL, '2024-08-28 13:34:33', '2024-08-28 13:34:33'),
(20, 19, 5, 8, 1, 1, '2024-08-28', 12, NULL, '2024-08-28 13:36:09', '2024-08-28 13:36:09'),
(21, 20, 5, 8, 1, 2, '2024-08-28', 12, NULL, '2024-08-28 13:39:42', '2024-08-28 13:39:42'),
(22, 21, 5, 8, 1, 2, '2024-08-28', 12, NULL, '2024-08-28 13:44:26', '2024-08-28 13:44:26'),
(23, 22, 5, 8, 1, 2, '2024-08-28', 12, NULL, '2024-08-28 13:47:16', '2024-08-28 13:47:16'),
(24, 23, 5, 8, 1, 2, '2024-08-28', 12, NULL, '2024-08-28 13:48:24', '2024-08-28 13:48:24'),
(25, 24, 8, 9, 1, 2, '2024-08-28', 12, NULL, '2024-08-28 15:53:17', '2024-08-28 15:53:17'),
(26, 25, 8, 9, 1, 2, '2024-08-28', 12, NULL, '2024-08-28 15:54:35', '2024-08-28 15:54:35'),
(27, 26, 8, 9, 1, 2, '2024-08-28', 12, NULL, '2024-08-28 16:00:24', '2024-08-28 16:00:24'),
(28, 27, 8, 9, 1, 2, '2024-08-28', 12, NULL, '2024-08-28 16:02:03', '2024-08-28 16:02:03'),
(29, 28, 8, 9, 1, 2, '2024-08-28', 12, NULL, '2024-08-28 16:03:10', '2024-08-28 16:03:10'),
(30, 29, 8, 9, 1, 2, '2024-08-28', 12, NULL, '2024-08-28 16:07:23', '2024-08-28 16:07:23'),
(31, 30, 8, 9, 1, 2, '2024-08-28', 12, NULL, '2024-08-28 16:08:54', '2024-08-28 16:08:54'),
(32, 31, 8, 9, 1, 2, '2024-08-28', 12, NULL, '2024-08-28 16:10:03', '2024-08-28 16:10:03'),
(33, 32, 8, 10, 1, 2, '2024-08-28', 12, NULL, '2024-08-28 16:30:45', '2024-08-28 16:30:45'),
(34, 33, 8, 10, 1, 2, '2024-08-28', 12, NULL, '2024-08-28 16:33:49', '2024-08-28 16:33:49'),
(35, 34, 8, 11, 1, 2, '2024-09-01', 12, 14, '2024-08-28 16:39:12', '2024-09-01 06:15:37'),
(36, 35, 8, 11, 1, 2, '2024-08-28', 12, NULL, '2024-08-28 16:40:43', '2024-08-28 16:40:43'),
(37, 36, 8, 11, 1, 2, '2024-08-28', 12, NULL, '2024-08-28 16:41:47', '2024-08-28 16:41:47'),
(38, 37, 8, 11, 1, 2, '2024-08-28', 12, NULL, '2024-08-28 16:45:04', '2024-08-28 16:45:04'),
(39, 38, 8, 11, 1, 2, '2024-08-28', 12, NULL, '2024-08-28 16:46:38', '2024-08-28 16:46:38'),
(40, 39, 8, 11, 1, 2, '2024-08-28', 12, NULL, '2024-08-28 16:48:12', '2024-08-28 16:48:12'),
(41, 40, 7, 12, 1, 2, '2024-08-30', 12, NULL, '2024-08-30 06:35:21', '2024-08-30 06:35:21'),
(42, 41, 7, 12, 1, 2, '2024-08-30', 12, NULL, '2024-08-30 06:36:50', '2024-08-30 06:36:50'),
(43, 42, 7, 12, 1, 2, '2024-08-30', 12, NULL, '2024-08-30 06:41:17', '2024-08-30 06:41:17'),
(44, 43, 7, 12, 1, 2, '2024-08-30', 12, NULL, '2024-08-30 06:44:09', '2024-08-30 06:44:09'),
(45, 44, 7, 12, 1, 2, '2024-08-30', 12, NULL, '2024-08-30 06:46:19', '2024-08-30 06:46:19'),
(46, 45, 7, 12, 1, 2, '2024-08-30', 12, NULL, '2024-08-30 06:49:36', '2024-08-30 06:49:36'),
(47, 46, 7, 12, 1, 2, '2024-08-30', 12, NULL, '2024-08-30 06:51:02', '2024-08-30 06:51:02'),
(48, 47, 7, 12, 1, 2, '2024-08-30', 12, NULL, '2024-08-30 06:54:23', '2024-08-30 06:54:23'),
(49, 48, 7, 12, 1, 2, '2024-08-30', 12, NULL, '2024-08-30 06:56:47', '2024-08-30 06:56:47'),
(50, 49, 7, 12, 1, 2, '2024-08-30', 12, NULL, '2024-08-30 06:58:46', '2024-08-30 06:58:46'),
(51, 50, 7, 12, 1, 2, '2024-08-30', 12, NULL, '2024-08-30 07:00:07', '2024-08-30 07:00:07'),
(52, 51, 7, 12, 1, 2, '2024-08-30', 12, NULL, '2024-08-30 07:03:31', '2024-08-30 07:03:31'),
(53, 52, 7, 12, 1, 2, '2024-08-30', 12, NULL, '2024-08-30 07:05:14', '2024-08-30 07:05:14'),
(54, 53, 3, 12, 1, 2, '2024-09-01', 12, 10, '2024-08-30 07:06:48', '2024-09-01 09:07:35'),
(55, 54, 7, 12, 1, 2, '2024-08-30', 12, NULL, '2024-08-30 07:08:36', '2024-08-30 07:08:36'),
(56, 55, 7, 12, 1, 2, '2024-08-30', 12, NULL, '2024-08-30 08:11:09', '2024-08-30 08:11:09'),
(57, 56, 7, 13, 1, 2, '2024-08-30', 12, NULL, '2024-08-30 08:24:55', '2024-08-30 08:24:55'),
(58, 57, 7, 20, 1, 2, '2024-08-30', 12, NULL, '2024-08-30 08:26:20', '2024-08-30 08:26:20'),
(59, 58, 7, 16, 1, 2, '2024-08-30', 12, NULL, '2024-08-30 08:27:36', '2024-08-30 08:27:36'),
(60, 59, 7, 21, 1, 1, '2024-08-30', 12, NULL, '2024-08-30 08:28:51', '2024-08-30 08:28:51'),
(61, 60, 7, 25, 1, 1, '2024-08-30', 12, NULL, '2024-08-30 08:30:10', '2024-08-30 08:30:10'),
(62, 61, 7, 14, 1, 2, '2024-08-30', 12, NULL, '2024-08-30 08:31:41', '2024-08-30 08:31:41'),
(63, 62, 7, 31, 1, 1, '2024-08-30', 12, NULL, '2024-08-30 08:33:06', '2024-08-30 08:33:06'),
(64, 63, 7, 30, 1, 2, '2024-08-30', 12, NULL, '2024-08-30 08:34:37', '2024-08-30 08:34:37'),
(65, 64, 7, 22, 1, 1, '2024-08-30', 12, NULL, '2024-08-30 08:35:54', '2024-08-30 08:35:54'),
(66, 65, 7, 15, 1, 1, '2024-08-30', 12, NULL, '2024-08-30 08:37:16', '2024-08-30 08:37:16'),
(67, 66, 7, 31, 1, 2, '2024-08-30', 12, NULL, '2024-08-30 08:38:26', '2024-08-30 08:38:26'),
(68, 67, 7, 17, 1, 2, '2024-08-30', 12, NULL, '2024-08-30 08:39:43', '2024-08-30 08:39:43'),
(69, 68, 7, 22, 1, 1, '2024-08-30', 12, NULL, '2024-08-30 08:41:00', '2024-08-30 08:41:00'),
(70, 69, 7, 13, 1, 1, '2024-08-30', 12, NULL, '2024-08-30 08:42:06', '2024-08-30 08:42:06'),
(71, 70, 7, 27, 1, 2, '2024-08-30', 12, NULL, '2024-08-30 08:43:30', '2024-08-30 08:43:30'),
(72, 71, 7, 14, 1, 2, '2024-08-30', 12, NULL, '2024-08-30 08:44:44', '2024-08-30 08:44:44'),
(73, 72, 7, 24, 1, 2, '2024-08-30', 12, NULL, '2024-08-30 08:46:06', '2024-08-30 08:46:06'),
(74, 73, 7, 14, 1, 1, '2024-08-30', 12, NULL, '2024-08-30 08:47:14', '2024-08-30 08:47:14'),
(75, 74, 7, 19, 1, 2, '2024-08-30', 12, NULL, '2024-08-30 08:48:50', '2024-08-30 08:48:50'),
(76, 75, 7, 25, 1, 2, '2024-08-30', 12, NULL, '2024-08-30 08:49:59', '2024-08-30 08:49:59'),
(77, 76, 7, 28, 1, 2, '2024-08-30', 12, NULL, '2024-08-30 08:51:28', '2024-08-30 08:51:28'),
(78, 77, 7, 23, 1, 1, '2024-08-30', 12, NULL, '2024-08-30 08:53:04', '2024-08-30 08:53:04'),
(79, 78, 7, 30, 1, 1, '2024-08-30', 12, NULL, '2024-08-30 08:54:44', '2024-08-30 08:54:44'),
(80, 79, 7, 17, 1, 1, '2024-08-30', 12, NULL, '2024-08-30 08:56:12', '2024-08-30 08:56:12'),
(81, 80, 7, 23, 1, 2, '2024-08-30', 12, NULL, '2024-08-30 08:57:30', '2024-08-30 08:57:30'),
(82, 81, 7, 29, 1, 2, '2024-08-30', 12, NULL, '2024-08-30 09:00:13', '2024-08-30 09:00:13'),
(83, 82, 7, 21, 1, 2, '2024-08-30', 12, NULL, '2024-08-30 09:01:28', '2024-08-30 09:01:28'),
(84, 83, 7, 27, 1, 1, '2024-08-30', 12, NULL, '2024-08-30 09:02:57', '2024-08-30 09:02:57'),
(85, 84, 7, 15, 1, 2, '2024-08-30', 12, NULL, '2024-08-30 09:04:07', '2024-08-30 09:04:07'),
(86, 85, 7, 28, 1, 1, '2024-08-30', 12, NULL, '2024-08-30 09:05:12', '2024-08-30 09:05:12'),
(87, 86, 7, 22, 1, 2, '2024-08-30', 12, NULL, '2024-08-30 09:06:14', '2024-08-30 09:06:14'),
(88, 87, 7, 20, 1, 1, '2024-08-30', 12, NULL, '2024-08-30 09:07:38', '2024-08-30 09:07:38'),
(89, 88, 7, 26, 1, 2, '2024-08-30', 12, NULL, '2024-08-30 09:08:44', '2024-08-30 09:08:44'),
(90, 89, 7, 18, 1, 2, '2024-08-30', 12, NULL, '2024-08-30 09:10:23', '2024-08-30 09:10:23'),
(91, 90, 7, 16, 1, 1, '2024-08-30', 12, NULL, '2024-08-30 09:12:02', '2024-08-30 09:12:02'),
(92, 91, 7, 15, 1, 2, '2024-08-30', 12, NULL, '2024-08-30 09:13:08', '2024-08-30 09:13:08'),
(93, 92, 7, 22, 1, 2, '2024-08-30', 12, NULL, '2024-08-30 09:14:09', '2024-08-30 09:14:09');

-- --------------------------------------------------------

--
-- Table structure for table `solider_service_histories`
--

CREATE TABLE `solider_service_histories` (
  `id` bigint(20) UNSIGNED NOT NULL,
  `solider_id` bigint(20) UNSIGNED NOT NULL,
  `service_id` bigint(20) UNSIGNED DEFAULT NULL,
  `service_place_id` bigint(20) UNSIGNED DEFAULT NULL,
  `degree_id` bigint(20) UNSIGNED DEFAULT NULL,
  `shift_id` bigint(20) UNSIGNED DEFAULT NULL,
  `assign_date` date DEFAULT NULL,
  `created_at` timestamp NULL DEFAULT NULL,
  `updated_at` timestamp NULL DEFAULT NULL
) ENGINE=InnoDB DEFAULT CHARSET=utf8mb4 COLLATE=utf8mb4_unicode_ci;

--
-- Dumping data for table `solider_service_histories`
--

INSERT INTO `solider_service_histories` (`id`, `solider_id`, `service_id`, `service_place_id`, `degree_id`, `shift_id`, `assign_date`, `created_at`, `updated_at`) VALUES
(11, 34, 8, 11, 1, 2, '2024-08-28', '2024-09-01 06:15:37', '2024-09-01 06:15:37'),
(12, 11, 5, 8, 1, 2, '2024-08-28', '2024-09-01 08:46:03', '2024-09-01 08:46:03'),
(13, 53, 7, 12, 1, 2, '2024-08-30', '2024-09-01 09:07:35', '2024-09-01 09:07:35'),
(14, 9, 5, 8, 1, 2, '2024-08-28', '2024-09-01 11:19:34', '2024-09-01 11:19:34');

-- --------------------------------------------------------

--
-- Table structure for table `solider_statuses`
--

CREATE TABLE `solider_statuses` (
  `id` bigint(20) UNSIGNED NOT NULL,
  `solider_id` bigint(20) UNSIGNED NOT NULL,
  `go_date` date NOT NULL,
  `return_date` date DEFAULT NULL,
  `status` varchar(255) NOT NULL,
  `note` text DEFAULT NULL,
  `created_by` bigint(20) UNSIGNED DEFAULT NULL,
  `updated_by` bigint(20) UNSIGNED DEFAULT NULL,
  `created_at` timestamp NULL DEFAULT NULL,
  `updated_at` timestamp NULL DEFAULT NULL
) ENGINE=InnoDB DEFAULT CHARSET=utf8mb4 COLLATE=utf8mb4_unicode_ci;

--
-- Dumping data for table `solider_statuses`
--

INSERT INTO `solider_statuses` (`id`, `solider_id`, `go_date`, `return_date`, `status`, `note`, `created_by`, `updated_by`, `created_at`, `updated_at`) VALUES
(3, 10, '2024-08-25', '2024-09-02', 'اجازة اسبوعية', NULL, 12, 7, '2024-08-28 13:01:23', '2024-09-01 08:38:07'),
(4, 13, '2024-08-25', '2024-09-01', 'اجازة اسبوعية', NULL, 12, NULL, '2024-08-28 13:14:23', '2024-08-28 13:14:23'),
(5, 15, '2024-08-25', '2024-09-01', 'اجازة اسبوعية', NULL, 12, NULL, '2024-08-28 13:18:57', '2024-08-28 13:18:57'),
(6, 16, '2024-08-25', '2024-09-01', 'اجازة اسبوعية', NULL, 12, NULL, '2024-08-28 13:24:23', '2024-08-28 13:24:23'),
(7, 25, '2024-08-25', '2024-09-01', 'اجازة اسبوعية', NULL, 12, NULL, '2024-08-28 15:55:04', '2024-08-28 15:55:04'),
(8, 26, '2024-08-25', '2024-09-01', 'اجازة اسبوعية', NULL, 12, NULL, '2024-08-28 16:00:44', '2024-08-28 16:00:44'),
(9, 29, '2024-08-25', '2024-09-01', 'اجازة اسبوعية', NULL, 12, NULL, '2024-08-28 16:07:52', '2024-08-28 16:07:52'),
(10, 33, '2024-08-25', '2024-09-01', 'اجازة اسبوعية', NULL, 12, NULL, '2024-08-28 16:34:20', '2024-08-28 16:34:20'),
(11, 37, '2024-08-25', '2024-09-01', 'اجازة اسبوعية', NULL, 12, NULL, '2024-08-28 16:45:27', '2024-08-28 16:45:27'),
(12, 40, '2024-08-25', '2024-09-01', 'اجازة اسبوعية', NULL, 12, NULL, '2024-08-30 06:35:46', '2024-08-30 06:35:46'),
(13, 41, '2024-08-25', '2024-09-01', 'اجازة اسبوعية', NULL, 12, NULL, '2024-08-30 06:37:12', '2024-08-30 06:37:12'),
(14, 42, '2024-08-25', '2024-09-01', 'اجازة اسبوعية', NULL, 12, NULL, '2024-08-30 06:42:30', '2024-08-30 06:42:30'),
(15, 43, '2024-08-25', '2024-09-01', 'اجازة اسبوعية', NULL, 12, NULL, '2024-08-30 06:44:26', '2024-08-30 06:44:26'),
(16, 44, '2024-08-25', '2024-09-01', 'اجازة اسبوعية', NULL, 12, NULL, '2024-08-30 06:46:36', '2024-08-30 06:46:36'),
(17, 45, '2024-08-25', '2024-09-01', 'اجازة اسبوعية', NULL, 12, NULL, '2024-08-30 06:49:53', '2024-08-30 06:49:53'),
(18, 46, '2024-08-25', '2024-09-01', 'اجازة اسبوعية', NULL, 12, NULL, '2024-08-30 06:51:17', '2024-08-30 06:51:17'),
(19, 47, '2024-08-25', '2024-09-01', 'اجازة اسبوعية', NULL, 12, NULL, '2024-08-30 06:54:39', '2024-08-30 06:54:39'),
(20, 48, '2024-08-25', '2024-09-01', 'اجازة اسبوعية', NULL, 12, NULL, '2024-08-30 06:57:05', '2024-08-30 06:57:05'),
(21, 49, '2024-08-25', '2024-09-01', 'اجازة اسبوعية', NULL, 12, NULL, '2024-08-30 06:59:02', '2024-08-30 06:59:02'),
(22, 50, '2024-08-25', '2024-09-01', 'اجازة اسبوعية', NULL, 12, NULL, '2024-08-30 07:00:25', '2024-08-30 07:00:25'),
(23, 51, '2024-08-25', '2024-09-01', 'اجازة اسبوعية', NULL, 12, NULL, '2024-08-30 07:03:46', '2024-08-30 07:03:46'),
(24, 52, '2024-08-25', '2024-09-01', 'اجازة اسبوعية', NULL, 12, NULL, '2024-08-30 07:05:29', '2024-08-30 07:05:29'),
(25, 53, '2024-08-17', '2024-09-01', 'سجن', NULL, 12, NULL, '2024-08-30 07:07:28', '2024-08-30 07:07:28'),
(26, 54, '2024-04-04', '2026-04-01', 'سجن مركزي', NULL, 12, NULL, '2024-08-30 07:11:00', '2024-08-30 07:11:00');

-- --------------------------------------------------------

--
-- Table structure for table `solider_status_histories`
--

CREATE TABLE `solider_status_histories` (
  `id` bigint(20) UNSIGNED NOT NULL,
  `solider_id` bigint(20) UNSIGNED NOT NULL,
  `go_date` date NOT NULL,
  `return_date` date DEFAULT NULL,
  `status` varchar(255) NOT NULL,
  `note` text DEFAULT NULL,
  `created_at` timestamp NULL DEFAULT NULL,
  `updated_at` timestamp NULL DEFAULT NULL
) ENGINE=InnoDB DEFAULT CHARSET=utf8mb4 COLLATE=utf8mb4_unicode_ci;

-- --------------------------------------------------------

--
-- Table structure for table `users`
--

CREATE TABLE `users` (
  `id` bigint(20) UNSIGNED NOT NULL,
  `username` varchar(255) NOT NULL,
  `full_name` varchar(255) DEFAULT NULL,
  `phone_number` varchar(255) DEFAULT NULL,
  `password` varchar(255) NOT NULL,
  `role` varchar(255) NOT NULL DEFAULT 'admin',
  `photo` varchar(255) DEFAULT NULL,
  `remember_token` varchar(100) DEFAULT NULL,
  `created_at` timestamp NULL DEFAULT NULL,
  `updated_at` timestamp NULL DEFAULT NULL
) ENGINE=InnoDB DEFAULT CHARSET=utf8mb4 COLLATE=utf8mb4_unicode_ci;

--
-- Dumping data for table `users`
--

INSERT INTO `users` (`id`, `username`, `full_name`, `phone_number`, `password`, `role`, `photo`, `remember_token`, `created_at`, `updated_at`) VALUES
(2, 'solider', 'm', NULL, '$2y$10$Y.cXFGcqwR5qZr.opxVTB.in4VvDqpKvOe8C54qdfMWSUiTttwdk2', 'جندي', NULL, NULL, '2024-08-20 07:26:52', '2024-08-20 10:30:43'),
(3, 'officer class', 'g', '01026017551', '$2y$10$LY2WK9EUXW0bQixDHF.Uu.9II2NVdzxi1CYA1QQOwdJlU6L/KRdb6', 'صف ظابط', NULL, NULL, '2024-08-20 07:26:52', '2024-08-20 10:30:43'),
(5, 'admin', 'قسم النظم والمعلومات', NULL, '$2y$10$ZBmT5UPv8IoyLd6C5Wd9O.eFhIrvDs9CoNv5WgxeAP5w4NgiLCKk6', 'ادمن', '/uploads/users/1725110941_avatar5.png', 'hsHjtN8Zmpbh1PF7rlujz4n8nPZV0HxWZ8RwrcnjJuuW9mbEHXhEKSW104jr', '2024-08-20 10:30:43', '2024-08-31 13:29:01'),
(7, 'nozom', 'IT', NULL, '$2y$10$Bz8B8arjkyuNNhMUWW9n7ORJVxhMuoFj7JHAIXYa5nR2KQM4AfDwG', 'ادمن', NULL, NULL, '2024-08-20 10:48:53', '2024-09-01 08:38:27'),
(9, 'rahim', 'رحيم صابر عبدالمؤمن', '01120172855', '$2y$10$egkR42EkSBE7gVh0WhaxX.Qq1SLZjAjdMnjmV3Xf1EakYihKryRdK', 'ادمن', NULL, NULL, '2024-08-21 13:57:37', '2024-08-21 14:00:07'),
(10, 'ab', 'النقيب عبدالله', NULL, '$2y$10$DweWKsX/wQ/nga38aDQzQ.l.UqB.wZ4YF2t9GneAldJa3hs.Lv1G.', 'ادمن', NULL, NULL, '2024-08-28 07:09:26', '2024-08-28 07:09:26'),
(11, 'LW', 'LW', NULL, '$2y$10$ONQYGZidQMs9FgEeVxT9yOwd/Zj1HKOidZS1Px/WZEIwfixoVVhou', 'ادمن', NULL, NULL, '2024-08-28 07:10:59', '2024-08-28 07:10:59'),
(12, 'mo', 'محمد مسعود', '01115360928', '$2y$10$./5RCVmKs4CROkUA9SOhbORGFv0uHXUkVKOQBZbLkDwAkI70uN7Va', 'صف ظابط', NULL, NULL, '2024-08-28 11:00:43', '2024-08-28 11:02:51'),
(13, 'Rm', 'Mohamed', NULL, '$2y$10$KYugDUyhQwMDpaGJwA8GAuzj.YmNuETvjw1V0Ac9S/tS6ScmtirYW', 'ادمن', NULL, NULL, '2024-08-29 04:36:10', '2024-08-29 04:36:10'),
(14, 'mh', 'محمود ابوستة', '01111018568', '$2y$10$fKc/blg6oAHanDc8LYArs.SON1o.qyyq931XIf53m.2HjEVau/Laq', 'صف ظابط', NULL, NULL, '2024-08-29 15:32:32', '2024-08-29 15:36:33');

-- --------------------------------------------------------

--
-- Table structure for table `vacations`
--

CREATE TABLE `vacations` (
  `id` bigint(20) UNSIGNED NOT NULL,
  `solider_id` bigint(20) UNSIGNED NOT NULL,
  `drop_date` date NOT NULL,
  `return_date` date NOT NULL,
  `type` varchar(255) NOT NULL DEFAULT 'اسبوعية',
  `note` text DEFAULT NULL,
  `created_by` bigint(20) UNSIGNED DEFAULT NULL,
  `updated_by` bigint(20) UNSIGNED DEFAULT NULL,
  `created_at` timestamp NULL DEFAULT NULL,
  `updated_at` timestamp NULL DEFAULT NULL
) ENGINE=InnoDB DEFAULT CHARSET=utf8mb4 COLLATE=utf8mb4_unicode_ci;

--
-- Indexes for dumped tables
--

--
-- Indexes for table `degrees`
--
ALTER TABLE `degrees`
  ADD PRIMARY KEY (`id`),
  ADD UNIQUE KEY `degrees_name_unique` (`name`),
  ADD KEY `degrees_created_by_foreign` (`created_by`),
  ADD KEY `degrees_updated_by_foreign` (`updated_by`);

--
-- Indexes for table `failed_jobs`
--
ALTER TABLE `failed_jobs`
  ADD PRIMARY KEY (`id`),
  ADD UNIQUE KEY `failed_jobs_uuid_unique` (`uuid`);

--
-- Indexes for table `migrations`
--
ALTER TABLE `migrations`
  ADD PRIMARY KEY (`id`);

--
-- Indexes for table `password_resets`
--
ALTER TABLE `password_resets`
  ADD KEY `password_resets_email_index` (`email`);

--
-- Indexes for table `personal_access_tokens`
--
ALTER TABLE `personal_access_tokens`
  ADD PRIMARY KEY (`id`),
  ADD UNIQUE KEY `personal_access_tokens_token_unique` (`token`),
  ADD KEY `personal_access_tokens_tokenable_type_tokenable_id_index` (`tokenable_type`,`tokenable_id`);

--
-- Indexes for table `services`
--
ALTER TABLE `services`
  ADD PRIMARY KEY (`id`),
  ADD UNIQUE KEY `services_name_unique` (`name`),
  ADD KEY `services_created_by_foreign` (`created_by`),
  ADD KEY `services_updated_by_foreign` (`updated_by`);

--
-- Indexes for table `service_places`
--
ALTER TABLE `service_places`
  ADD PRIMARY KEY (`id`),
  ADD UNIQUE KEY `service_places_name_unique` (`name`),
  ADD KEY `service_places_service_id_foreign` (`service_id`),
  ADD KEY `service_places_created_by_foreign` (`created_by`),
  ADD KEY `service_places_updated_by_foreign` (`updated_by`);

--
-- Indexes for table `shifts`
--
ALTER TABLE `shifts`
  ADD PRIMARY KEY (`id`),
  ADD UNIQUE KEY `shifts_name_unique` (`name`),
  ADD KEY `shifts_created_by_foreign` (`created_by`),
  ADD KEY `shifts_updated_by_foreign` (`updated_by`);

--
-- Indexes for table `soliders`
--
ALTER TABLE `soliders`
  ADD PRIMARY KEY (`id`),
  ADD KEY `soliders_created_by_foreign` (`created_by`),
  ADD KEY `soliders_updated_by_foreign` (`updated_by`);

--
-- Indexes for table `solider_services`
--
ALTER TABLE `solider_services`
  ADD PRIMARY KEY (`id`),
  ADD KEY `solider_services_solider_id_foreign` (`solider_id`),
  ADD KEY `solider_services_service_id_foreign` (`service_id`),
  ADD KEY `solider_services_service_place_id_foreign` (`service_place_id`),
  ADD KEY `solider_services_degree_id_foreign` (`degree_id`),
  ADD KEY `solider_services_shift_id_foreign` (`shift_id`),
  ADD KEY `solider_services_created_by_foreign` (`created_by`),
  ADD KEY `solider_services_updated_by_foreign` (`updated_by`);

--
-- Indexes for table `solider_service_histories`
--
ALTER TABLE `solider_service_histories`
  ADD PRIMARY KEY (`id`),
  ADD KEY `solider_service_histories_solider_id_foreign` (`solider_id`),
  ADD KEY `solider_service_histories_service_id_foreign` (`service_id`),
  ADD KEY `solider_service_histories_service_place_id_foreign` (`service_place_id`),
  ADD KEY `solider_service_histories_degree_id_foreign` (`degree_id`),
  ADD KEY `solider_service_histories_shift_id_foreign` (`shift_id`);

--
-- Indexes for table `solider_statuses`
--
ALTER TABLE `solider_statuses`
  ADD PRIMARY KEY (`id`),
  ADD KEY `solider_statuses_solider_id_foreign` (`solider_id`),
  ADD KEY `solider_statuses_created_by_foreign` (`created_by`),
  ADD KEY `solider_statuses_updated_by_foreign` (`updated_by`);

--
-- Indexes for table `solider_status_histories`
--
ALTER TABLE `solider_status_histories`
  ADD PRIMARY KEY (`id`),
  ADD KEY `solider_status_histories_solider_id_foreign` (`solider_id`);

--
-- Indexes for table `users`
--
ALTER TABLE `users`
  ADD PRIMARY KEY (`id`),
  ADD UNIQUE KEY `users_username_unique` (`username`);

--
-- Indexes for table `vacations`
--
ALTER TABLE `vacations`
  ADD PRIMARY KEY (`id`),
  ADD KEY `vacations_solider_id_foreign` (`solider_id`),
  ADD KEY `vacations_created_by_foreign` (`created_by`),
  ADD KEY `vacations_updated_by_foreign` (`updated_by`);

--
-- AUTO_INCREMENT for dumped tables
--

--
-- AUTO_INCREMENT for table `degrees`
--
ALTER TABLE `degrees`
  MODIFY `id` bigint(20) UNSIGNED NOT NULL AUTO_INCREMENT, AUTO_INCREMENT=7;

--
-- AUTO_INCREMENT for table `failed_jobs`
--
ALTER TABLE `failed_jobs`
  MODIFY `id` bigint(20) UNSIGNED NOT NULL AUTO_INCREMENT;

--
-- AUTO_INCREMENT for table `migrations`
--
ALTER TABLE `migrations`
  MODIFY `id` int(10) UNSIGNED NOT NULL AUTO_INCREMENT, AUTO_INCREMENT=17;

--
-- AUTO_INCREMENT for table `personal_access_tokens`
--
ALTER TABLE `personal_access_tokens`
  MODIFY `id` bigint(20) UNSIGNED NOT NULL AUTO_INCREMENT;

--
-- AUTO_INCREMENT for table `services`
--
ALTER TABLE `services`
  MODIFY `id` bigint(20) UNSIGNED NOT NULL AUTO_INCREMENT, AUTO_INCREMENT=9;

--
-- AUTO_INCREMENT for table `service_places`
--
ALTER TABLE `service_places`
  MODIFY `id` bigint(20) UNSIGNED NOT NULL AUTO_INCREMENT, AUTO_INCREMENT=32;

--
-- AUTO_INCREMENT for table `shifts`
--
ALTER TABLE `shifts`
  MODIFY `id` bigint(20) UNSIGNED NOT NULL AUTO_INCREMENT, AUTO_INCREMENT=4;

--
-- AUTO_INCREMENT for table `soliders`
--
ALTER TABLE `soliders`
  MODIFY `id` bigint(20) UNSIGNED NOT NULL AUTO_INCREMENT, AUTO_INCREMENT=112;

--
-- AUTO_INCREMENT for table `solider_services`
--
ALTER TABLE `solider_services`
  MODIFY `id` bigint(20) UNSIGNED NOT NULL AUTO_INCREMENT, AUTO_INCREMENT=94;

--
-- AUTO_INCREMENT for table `solider_service_histories`
--
ALTER TABLE `solider_service_histories`
  MODIFY `id` bigint(20) UNSIGNED NOT NULL AUTO_INCREMENT, AUTO_INCREMENT=15;

--
-- AUTO_INCREMENT for table `solider_statuses`
--
ALTER TABLE `solider_statuses`
  MODIFY `id` bigint(20) UNSIGNED NOT NULL AUTO_INCREMENT, AUTO_INCREMENT=27;

--
-- AUTO_INCREMENT for table `solider_status_histories`
--
ALTER TABLE `solider_status_histories`
  MODIFY `id` bigint(20) UNSIGNED NOT NULL AUTO_INCREMENT;

--
-- AUTO_INCREMENT for table `users`
--
ALTER TABLE `users`
  MODIFY `id` bigint(20) UNSIGNED NOT NULL AUTO_INCREMENT, AUTO_INCREMENT=15;

--
-- AUTO_INCREMENT for table `vacations`
--
ALTER TABLE `vacations`
  MODIFY `id` bigint(20) UNSIGNED NOT NULL AUTO_INCREMENT, AUTO_INCREMENT=9;

--
-- Constraints for dumped tables
--

--
-- Constraints for table `degrees`
--
ALTER TABLE `degrees`
  ADD CONSTRAINT `degrees_created_by_foreign` FOREIGN KEY (`created_by`) REFERENCES `users` (`id`) ON DELETE SET NULL,
  ADD CONSTRAINT `degrees_updated_by_foreign` FOREIGN KEY (`updated_by`) REFERENCES `users` (`id`) ON DELETE SET NULL;

--
-- Constraints for table `services`
--
ALTER TABLE `services`
  ADD CONSTRAINT `services_created_by_foreign` FOREIGN KEY (`created_by`) REFERENCES `users` (`id`) ON DELETE SET NULL,
  ADD CONSTRAINT `services_updated_by_foreign` FOREIGN KEY (`updated_by`) REFERENCES `users` (`id`) ON DELETE SET NULL;

--
-- Constraints for table `service_places`
--
ALTER TABLE `service_places`
  ADD CONSTRAINT `service_places_created_by_foreign` FOREIGN KEY (`created_by`) REFERENCES `users` (`id`) ON DELETE SET NULL,
  ADD CONSTRAINT `service_places_service_id_foreign` FOREIGN KEY (`service_id`) REFERENCES `services` (`id`) ON DELETE CASCADE,
  ADD CONSTRAINT `service_places_updated_by_foreign` FOREIGN KEY (`updated_by`) REFERENCES `users` (`id`) ON DELETE SET NULL;

--
-- Constraints for table `shifts`
--
ALTER TABLE `shifts`
  ADD CONSTRAINT `shifts_created_by_foreign` FOREIGN KEY (`created_by`) REFERENCES `users` (`id`) ON DELETE SET NULL,
  ADD CONSTRAINT `shifts_updated_by_foreign` FOREIGN KEY (`updated_by`) REFERENCES `users` (`id`) ON DELETE SET NULL;

--
-- Constraints for table `soliders`
--
ALTER TABLE `soliders`
  ADD CONSTRAINT `soliders_created_by_foreign` FOREIGN KEY (`created_by`) REFERENCES `users` (`id`) ON DELETE SET NULL,
  ADD CONSTRAINT `soliders_updated_by_foreign` FOREIGN KEY (`updated_by`) REFERENCES `users` (`id`) ON DELETE SET NULL;

--
-- Constraints for table `solider_services`
--
ALTER TABLE `solider_services`
  ADD CONSTRAINT `solider_services_created_by_foreign` FOREIGN KEY (`created_by`) REFERENCES `users` (`id`) ON DELETE SET NULL,
  ADD CONSTRAINT `solider_services_degree_id_foreign` FOREIGN KEY (`degree_id`) REFERENCES `degrees` (`id`) ON DELETE SET NULL,
  ADD CONSTRAINT `solider_services_service_id_foreign` FOREIGN KEY (`service_id`) REFERENCES `services` (`id`) ON DELETE SET NULL,
  ADD CONSTRAINT `solider_services_service_place_id_foreign` FOREIGN KEY (`service_place_id`) REFERENCES `service_places` (`id`) ON DELETE SET NULL,
  ADD CONSTRAINT `solider_services_shift_id_foreign` FOREIGN KEY (`shift_id`) REFERENCES `shifts` (`id`) ON DELETE SET NULL,
  ADD CONSTRAINT `solider_services_solider_id_foreign` FOREIGN KEY (`solider_id`) REFERENCES `soliders` (`id`) ON DELETE CASCADE,
  ADD CONSTRAINT `solider_services_updated_by_foreign` FOREIGN KEY (`updated_by`) REFERENCES `users` (`id`) ON DELETE SET NULL;

--
-- Constraints for table `solider_service_histories`
--
ALTER TABLE `solider_service_histories`
  ADD CONSTRAINT `solider_service_histories_degree_id_foreign` FOREIGN KEY (`degree_id`) REFERENCES `degrees` (`id`) ON DELETE SET NULL,
  ADD CONSTRAINT `solider_service_histories_service_id_foreign` FOREIGN KEY (`service_id`) REFERENCES `services` (`id`) ON DELETE SET NULL,
  ADD CONSTRAINT `solider_service_histories_service_place_id_foreign` FOREIGN KEY (`service_place_id`) REFERENCES `service_places` (`id`) ON DELETE SET NULL,
  ADD CONSTRAINT `solider_service_histories_shift_id_foreign` FOREIGN KEY (`shift_id`) REFERENCES `shifts` (`id`) ON DELETE SET NULL,
  ADD CONSTRAINT `solider_service_histories_solider_id_foreign` FOREIGN KEY (`solider_id`) REFERENCES `soliders` (`id`) ON DELETE CASCADE;

--
-- Constraints for table `solider_statuses`
--
ALTER TABLE `solider_statuses`
  ADD CONSTRAINT `solider_statuses_created_by_foreign` FOREIGN KEY (`created_by`) REFERENCES `users` (`id`) ON DELETE SET NULL,
  ADD CONSTRAINT `solider_statuses_solider_id_foreign` FOREIGN KEY (`solider_id`) REFERENCES `soliders` (`id`) ON DELETE CASCADE,
  ADD CONSTRAINT `solider_statuses_updated_by_foreign` FOREIGN KEY (`updated_by`) REFERENCES `users` (`id`) ON DELETE SET NULL;

--
-- Constraints for table `solider_status_histories`
--
ALTER TABLE `solider_status_histories`
  ADD CONSTRAINT `solider_status_histories_solider_id_foreign` FOREIGN KEY (`solider_id`) REFERENCES `soliders` (`id`) ON DELETE CASCADE;

--
-- Constraints for table `vacations`
--
ALTER TABLE `vacations`
  ADD CONSTRAINT `vacations_created_by_foreign` FOREIGN KEY (`created_by`) REFERENCES `users` (`id`) ON DELETE SET NULL,
  ADD CONSTRAINT `vacations_solider_id_foreign` FOREIGN KEY (`solider_id`) REFERENCES `soliders` (`id`) ON DELETE CASCADE,
  ADD CONSTRAINT `vacations_updated_by_foreign` FOREIGN KEY (`updated_by`) REFERENCES `users` (`id`) ON DELETE SET NULL;
COMMIT;

/*!40101 SET CHARACTER_SET_CLIENT=@OLD_CHARACTER_SET_CLIENT */;
/*!40101 SET CHARACTER_SET_RESULTS=@OLD_CHARACTER_SET_RESULTS */;
/*!40101 SET COLLATION_CONNECTION=@OLD_COLLATION_CONNECTION */;
